                  epoch,         train/box_loss,         train/cls_loss,         train/dfl_loss,   metrics/precision(B),      metrics/recall(B),       metrics/mAP50(B),    metrics/mAP50-95(B),           val/box_loss,           val/cls_loss,           val/dfl_loss,                 lr/pg0,                 lr/pg1,                 lr/pg2
                      1,                 6.9429,                 15.693,                 4.1163,                      0,                      0,                      0,                      0,                 7.1024,                 25.776,                 4.1419,             0.00021671,             0.00021671,             0.00021671
                      2,                 6.8349,                 10.184,                  3.838,                      0,                      0,                      0,                      0,                 7.0925,                 22.188,                 4.0428,             0.00036097,             0.00036097,             0.00036097
                      3,                 6.5385,                 7.9699,                  3.408,                      0,                      0,                      0,                      0,                 7.0696,                 15.974,                  3.861,             0.00041282,             0.00041282,             0.00041282
                      4,                  4.583,                 4.6048,                 3.0208,                      0,                      0,                      0,                      0,                 7.0701,                 15.439,                 3.8846,             0.00037224,             0.00037224,             0.00037224
                      5,                 4.1694,                 3.6812,                 2.7597,                      0,                      0,                      0,                      0,                 7.0918,                 20.322,                 4.0959,             0.00023925,             0.00023925,             0.00023925
